asin,best_offer,image,price,title
B08NXK32ZX,"Em até 12x R$ 296,24 sem juros",https://m.media-amazon.com/images/I/41TS0WBcr0L._AC_.jpg,3554.44,        Apple iPhone 11 (128 GB) Branco       
B0CHXLC667,"ou R$ 10.999,00 em até 12x de R$ 916,62 sem juros",https://m.media-amazon.com/images/I/3115lGL9zTL._AC_.jpg,9899.1,        Apple iPhone 15 Pro Max (256 GB) — Titânio Azul       
B0BZYNB4F5,"Em até 10x R$ 153,90 sem juros",https://m.media-amazon.com/images/I/41bH-xW9CCL._AC_.jpg,1539.0,        Smartphone Xiaomi Note 12 5G 256GB - 8GB Ram (Versao Global) (Onyx Gray)       
B0BZHYZ6ND,"Em até 10x R$ 109,90 sem juros",https://m.media-amazon.com/images/I/41FrcqUxfVL._AC_.jpg,1099.0,        Smartphone Xiaomi Note 12 4G 128GB - 8GB Ram (Versao Global) (Mint Green)(M7U)       
B0BSXR9KB4,"Em até 10x R$ 117,90 sem juros",https://m.media-amazon.com/images/I/31X0ixpYghL._AC_.jpg,1179.0,        Smartphone Motorola Moto G53 5G 128GB 4GB RAM Grafite       
B0C7HJ8HP9,"Em até 10x R$ 104,00 sem juros",https://m.media-amazon.com/images/I/31XhaOAsR4L._AC_.jpg,1040.0,        Smartphone Redmi 12 4G 128GB - 4GB Ram (Versao Global) (Sky Blue)       
B0BSXQ4X6K,"Em até 10x R$ 59,50 sem juros",https://m.media-amazon.com/images/I/31+bRbisgrL._AC_.jpg,595.0,        Smartphone Motorola Moto E13 4G 32GB 2GB RAM Verde       
B0BRQKLQMD,"Em até 10x R$ 131,90 sem juros",https://m.media-amazon.com/images/I/41N53WbssoL._AC_.jpg,1319.0,"        Xiaomi POCOPHONE X5 5G (6+128GB, Preto)       "
B0C5NRMDDD,"Em até 10x R$ 207,80 sem juros",https://m.media-amazon.com/images/I/41RmLS3h3xL._AC_.jpg,2078.0,        Smartphone Xiaomi Note 12 Pro Plus 5G 256GB - 8GB Ram (Versao Global) (Midnight Black)       
B0BZYQKB9B,"Em até 10x R$ 78,24 sem juros",https://m.media-amazon.com/images/I/51Xfu6hNRkL._AC_.jpg,781.95,        Smartphone Xiaomi Redmi 12C 128GB 6GB Ram (Versao Global) (Ocean Blue)(C3T)       
B0CC6JJVJM,"Em até 10x R$ 120,98 sem juros",https://m.media-amazon.com/images/I/41i2bARv0ZL._AC_.jpg,1208.99,        Smartphone Xiaomi Redmi 12 4G 256GB - 8GB Ram (Versao Global) (Sky Blue)       
B0CC6GR1WX,"Em até 10x R$ 119,00 sem juros",https://m.media-amazon.com/images/I/41hUnMEimkL._AC_.jpg,1190.0,        Smartphone Xiaomi Redmi 12 4G 256GB - 8GB Ram (Versao Global) (Polar Silver)       
B0C8BNY5SJ,"Em até 10x R$ 97,17 sem juros",https://m.media-amazon.com/images/I/51sbcfZTKnL._AC_.jpg,971.7,        Smartphone Xiaomi Redmi Note 12 4G -128GB - 4GB Ram (Versao Global) (Mint Green)       
B0BRQL3FWQ,"Em até 10x R$ 147,10 sem juros",https://m.media-amazon.com/images/I/41aFSbVpXKL._AC_.jpg,1471.0,"        Xiaomi POCO X5 5G Smartphone Dual Sim 256GB Memory 8GB RAM 6.67"" AMOLED Display 5000mAh 48MP+13MP CAM (verde)       "
B0BF5V4RQH,"Em até 10x R$ 60,90 sem juros",https://m.media-amazon.com/images/I/31SXw+wxy7L._AC_.jpg,609.0,        Redmi 10C 64gb 3gb 4g Graphite Gray       
B0C9GG3F2F,"Em até 10x R$ 91,90 sem juros",https://m.media-amazon.com/images/I/31XT5Dwf49L._AC_.jpg,919.0,        Smartphone Redmi 12 4G 128GB - 4GB Ram (Versao Global) (Midnight Black)       
B0BZJ299Z1,"Em até 10x R$ 112,00 sem juros",https://m.media-amazon.com/images/I/41ojcZpHdXL._AC_.jpg,1120.0,        Smartphone Xiaomi Note 12 4G 128GB - 8GB Ram (Versao Global) (Ice Blue)       
B0BVMXFWZ1,"Em até 10x R$ 98,48 sem juros",https://m.media-amazon.com/images/I/31-Dv1yvgNL._AC_.jpg,983.99,        Samsung Galaxy A14 128GB 4G Wi-Fi Tela 6.6'' Dual Chip 4GB RAM Câmera Tripla de até 50MP + Selfie 13MP Bateria de 5000mAh - Preto       
B0BSB12436,"Em até 10x R$ 76,60 sem juros",https://m.media-amazon.com/images/I/41VUOljOsvL._AC_.jpg,766.0,        Samsung Galaxy A04s 64GB 4G Wi-Fi Tela 6.5'' Dual Chip 4GB RAM Câmera Tripla + Selfie 5MP Bateria de 5000mAh - Preto       
B0BT8HFMPX,"Em até 10x R$ 175,40 sem juros",https://m.media-amazon.com/images/I/41xsV4G30AL._AC_.jpg,1754.0,"        Smartphone Xiaomi POCO X5 Pro 5G Dual SIM 6GB 128GB 6,67"" FHD+ 108MP 5000mAh 67W Carregamento (Preto)       "
asin,best_offer,image,price,title
B08NXK32ZX,"Em até 12x R$ 296,24 sem juros",https://m.media-amazon.com/images/I/41TS0WBcr0L._AC_.jpg,3554.44,        Apple iPhone 11 (128 GB) Branco       
B0BSXR9KB4,"Em até 10x R$ 117,90 sem juros",https://m.media-amazon.com/images/I/31X0ixpYghL._AC_.jpg,1179.0,        Smartphone Motorola Moto G53 5G 128GB 4GB RAM Grafite       
B0BZ7R2MPQ,"Em até 10x R$ 93,00 sem juros",https://m.media-amazon.com/images/I/41VTY38EOpL._AC_.jpg,930.0,        Celular Xiaomi Redmi Note 12 128GB / 6GB RAM/Dual Sim/TelaP e 13MP - Onyx Gray - Preto       
B0C8BNY5SJ,"Em até 10x R$ 97,17 sem juros",https://m.media-amazon.com/images/I/51sbcfZTKnL._AC_.jpg,971.7,        Smartphone Xiaomi Redmi Note 12 4G -128GB - 4GB Ram (Versao Global) (Mint Green)       
B0BZHYZ6ND,"Em até 10x R$ 109,90 sem juros",https://m.media-amazon.com/images/I/41FrcqUxfVL._AC_.jpg,1099.0,        Smartphone Xiaomi Note 12 4G 128GB - 8GB Ram (Versao Global) (Mint Green)(M7U)       
B0CC6JJVJM,"Em até 10x R$ 120,98 sem juros",https://m.media-amazon.com/images/I/41i2bARv0ZL._AC_.jpg,1208.99,        Smartphone Xiaomi Redmi 12 4G 256GB - 8GB Ram (Versao Global) (Sky Blue)       
B0BZJ299Z1,"Em até 10x R$ 112,00 sem juros",https://m.media-amazon.com/images/I/41ojcZpHdXL._AC_.jpg,1120.0,        Smartphone Xiaomi Note 12 4G 128GB - 8GB Ram (Versao Global) (Ice Blue)       
B0BSB12436,"Em até 10x R$ 76,60 sem juros",https://m.media-amazon.com/images/I/41VUOljOsvL._AC_.jpg,766.0,        Samsung Galaxy A04s 64GB 4G Wi-Fi Tela 6.5'' Dual Chip 4GB RAM Câmera Tripla + Selfie 5MP Bateria de 5000mAh - Preto       
B0BVMXFWZ1,"Em até 10x R$ 98,48 sem juros",https://m.media-amazon.com/images/I/31-Dv1yvgNL._AC_.jpg,983.99,        Samsung Galaxy A14 128GB 4G Wi-Fi Tela 6.6'' Dual Chip 4GB RAM Câmera Tripla de até 50MP + Selfie 13MP Bateria de 5000mAh - Preto       
B0BRQL3FWQ,"Em até 10x R$ 147,10 sem juros",https://m.media-amazon.com/images/I/41aFSbVpXKL._AC_.jpg,1471.0,"        Xiaomi POCO X5 5G Smartphone Dual Sim 256GB Memory 8GB RAM 6.67"" AMOLED Display 5000mAh 48MP+13MP CAM (verde)       "
B0BT8HFMPX,"Em até 10x R$ 175,40 sem juros",https://m.media-amazon.com/images/I/41xsV4G30AL._AC_.jpg,1754.0,"        Smartphone Xiaomi POCO X5 Pro 5G Dual SIM 6GB 128GB 6,67"" FHD+ 108MP 5000mAh 67W Carregamento (Preto)       "
B0BF5V4RQH,"Em até 10x R$ 60,90 sem juros",https://m.media-amazon.com/images/I/31SXw+wxy7L._AC_.jpg,609.0,        Redmi 10C 64gb 3gb 4g Graphite Gray       
B0BRQPLLFP,"Em até 10x R$ 149,30 sem juros",https://m.media-amazon.com/images/I/415MIU3LpmL._AC_.jpg,1493.0,"        Xiaomi POCOPHONE X5 5G (8+256GB, Azul)       "
B0BVZ65S6Y,"Em até 10x R$ 70,05 sem juros",https://m.media-amazon.com/images/I/41ZPevoGtYL._AC_.jpg,699.87,"        Celular Xiaomi Redmi 12C 128GB / 4GB RAM/Dual Sim/Tela 6.71"" / Câmeras 50MP+0.08MP e 5MP - Graphite Gray (Global)       "
B0BRQM2HWL,"Em até 10x R$ 188,80 sem juros",https://m.media-amazon.com/images/I/412sb5Re0+L._AC_.jpg,1888.0,"        Smartphone Xiaomi POCO X5 Pro 5G Dual SIM 8GB 256GB 6,67"" FHD+ 108MP 5000mAh 67W Carregamento (Azul)       "
B0CCGTDSH3,"Em até 10x R$ 118,00 sem juros",https://m.media-amazon.com/images/I/31jnWve26kL._AC_.jpg,1180.0,        Smartphone Xiaomi Note 12 4G 256GB - 8GB Ram (Versao Global) (Onyx Gray)       
B0C2VZ1B8F,"Em até 10x R$ 120,70 sem juros",https://m.media-amazon.com/images/I/41XJiKtWQ7L._AC_.jpg,1207.0,        Smartphone Xiaomi Note 12S 256GB - 8GB Ram (Versao Global) (Pearl Green)       
B0BVX8YJJ2,"Em até 10x R$ 70,70 sem juros",https://m.media-amazon.com/images/I/41wWcid88fL._AC_.jpg,707.0,        Smartphone Xiaomi Redmi 12C 128GB - 4GB Ram (Cinza)       
B0BRQKGTVM,"Em até 10x R$ 149,80 sem juros",https://m.media-amazon.com/images/I/41N53WbssoL._AC_.jpg,1498.0,"        Xiaomi POCOPHONE X5 5G (8+256GB, Preto)       "
B09T55NFSR,"Em até 12x R$ 354,12 sem juros",https://m.media-amazon.com/images/I/31RsJJcRCuL._AC_.jpg,4249.0,        Apple iPhone 13 (128 GB) - Meia-noite       
B0BZS77DBX,"Em até 10x R$ 146,00 sem juros",https://m.media-amazon.com/images/I/41EczleXxwL._AC_.jpg,1460.0,        Xiaomi Redmi Note 12 Pro 4G (256GB + 8GB) Desbloqueado de fábrica global 6.67 108MP Pro Triple Camera (Tmobile/Tello/Mint USA Market) + Extra (Fast 33w Dual Car Charger) (Graphite Grey (Global))       
asin,best_offer,image,price,title
B0BVMXFWZ1,"Em até 10x R$ 98,48 sem juros",https://m.media-amazon.com/images/I/31-Dv1yvgNL._AC_.jpg,983.99,        Samsung Galaxy A14 128GB 4G Wi-Fi Tela 6.6'' Dual Chip 4GB RAM Câmera Tripla de até 50MP + Selfie 13MP Bateria de 5000mAh - Preto       
B0BF5V4RQH,"Em até 10x R$ 60,90 sem juros",https://m.media-amazon.com/images/I/31SXw+wxy7L._AC_.jpg,609.0,        Redmi 10C 64gb 3gb 4g Graphite Gray       
B0C9GG3F2F,"Em até 10x R$ 91,90 sem juros",https://m.media-amazon.com/images/I/31XT5Dwf49L._AC_.jpg,919.0,        Smartphone Redmi 12 4G 128GB - 4GB Ram (Versao Global) (Midnight Black)       
B0C4L2P362,"Em até 10x R$ 239,90 sem juros",https://m.media-amazon.com/images/I/41oVXYQEH3L._AC_.jpg,2399.0,        Smartphone Xiaomi Poco F5 com processador Snapdragon 7+ Gen 2 Dual SIM 5G 12gb Ram 256gb Rom (Black)       
B0BZ7R2MPQ,"Em até 10x R$ 93,00 sem juros",https://m.media-amazon.com/images/I/41VTY38EOpL._AC_.jpg,930.0,        Celular Xiaomi Redmi Note 12 128GB / 6GB RAM/Dual Sim/TelaP e 13MP - Onyx Gray - Preto       
B0CC34JZCB,"Em até 10x R$ 115,99 sem juros",https://m.media-amazon.com/images/I/41EEryMLHIL._AC_.jpg,1159.9,        Smartphone Xiaomi Redmi 12 4G 256GB - 8GB Ram (Versao Global) (Midnight Black)       
B0BVZ65S6Y,"Em até 10x R$ 70,05 sem juros",https://m.media-amazon.com/images/I/41ZPevoGtYL._AC_.jpg,699.87,"        Celular Xiaomi Redmi 12C 128GB / 4GB RAM/Dual Sim/Tela 6.71"" / Câmeras 50MP+0.08MP e 5MP - Graphite Gray (Global)       "
B0BRQPLLFP,"Em até 10x R$ 149,30 sem juros",https://m.media-amazon.com/images/I/415MIU3LpmL._AC_.jpg,1493.0,"        Xiaomi POCOPHONE X5 5G (8+256GB, Azul)       "
B0C2VZ1B8F,"Em até 10x R$ 120,70 sem juros",https://m.media-amazon.com/images/I/41XJiKtWQ7L._AC_.jpg,1207.0,        Smartphone Xiaomi Note 12S 256GB - 8GB Ram (Versao Global) (Pearl Green)       
B0BZS77DBX,"Em até 10x R$ 146,00 sem juros",https://m.media-amazon.com/images/I/41EczleXxwL._AC_.jpg,1460.0,        Xiaomi Redmi Note 12 Pro 4G (256GB + 8GB) Desbloqueado de fábrica global 6.67 108MP Pro Triple Camera (Tmobile/Tello/Mint USA Market) + Extra (Fast 33w Dual Car Charger) (Graphite Grey (Global))       
B0BVWNKGS6,"Em até 10x R$ 68,00 sem juros",https://m.media-amazon.com/images/I/41ZSwXcVfqL._AC_.jpg,680.0,        Smartphone Xiaomi Redmi 12C 128GB - 4GB Ram (VERSAO GLOBAL) (Mint Green)       
B0C46M8N79,"Em até 10x R$ 120,90 sem juros",https://m.media-amazon.com/images/I/41yf2L0YUqL._AC_.jpg,1209.0,        Smartphone Xiaomi Note 12S 256GB - 8GB Ram (Versao Global) (Ice Blue)       
B0BXQ4YNV9,"Em até 10x R$ 180,40 sem juros",https://m.media-amazon.com/images/I/41jSOzzaEvL._AC_.jpg,1804.0,        Smartphone Xiaomi Redmi Note 12 Pro 5G Dual SIM 256GB - 8GB Ram (Versao Global) (Sky Blue)       
B0BVX8YJJ2,"Em até 10x R$ 70,70 sem juros",https://m.media-amazon.com/images/I/41wWcid88fL._AC_.jpg,707.0,        Smartphone Xiaomi Redmi 12C 128GB - 4GB Ram (Cinza)       
B0BZJ2LLGL,"Em até 10x R$ 107,86 sem juros",https://m.media-amazon.com/images/I/41uf5rbK77L._AC_.jpg,1078.15,        Smartphone Xiaomi Note 12 4G 128GB - 8GB Ram (Versao Global) (Onyx Gray)       
B0CCGTDSH3,"Em até 10x R$ 118,00 sem juros",https://m.media-amazon.com/images/I/31jnWve26kL._AC_.jpg,1180.0,        Smartphone Xiaomi Note 12 4G 256GB - 8GB Ram (Versao Global) (Onyx Gray)       
B0BRQKGTVM,"Em até 10x R$ 149,80 sem juros",https://m.media-amazon.com/images/I/41N53WbssoL._AC_.jpg,1498.0,"        Xiaomi POCOPHONE X5 5G (8+256GB, Preto)       "
B0BRQM2HWL,"Em até 10x R$ 188,80 sem juros",https://m.media-amazon.com/images/I/412sb5Re0+L._AC_.jpg,1888.0,"        Smartphone Xiaomi POCO X5 Pro 5G Dual SIM 8GB 256GB 6,67"" FHD+ 108MP 5000mAh 67W Carregamento (Azul)       "
B09T55NFSR,"Em até 12x R$ 354,12 sem juros",https://m.media-amazon.com/images/I/31RsJJcRCuL._AC_.jpg,4249.0,        Apple iPhone 13 (128 GB) - Meia-noite       
asin,best_offer,image,price,title
B0BZS77DBX,"Em até 10x R$ 146,00 sem juros",https://m.media-amazon.com/images/I/41EczleXxwL._AC_.jpg,1460.0,        Xiaomi Redmi Note 12 Pro 4G (256GB + 8GB) Desbloqueado de fábrica global 6.67 108MP Pro Triple Camera (Tmobile/Tello/Mint USA Market) + Extra (Fast 33w Dual Car Charger) (Graphite Grey (Global))       
B0C4L2P362,"Em até 10x R$ 239,90 sem juros",https://m.media-amazon.com/images/I/41oVXYQEH3L._AC_.jpg,2399.0,        Smartphone Xiaomi Poco F5 com processador Snapdragon 7+ Gen 2 Dual SIM 5G 12gb Ram 256gb Rom (Black)       
B0C9GG3F2F,"Em até 10x R$ 91,90 sem juros",https://m.media-amazon.com/images/I/31XT5Dwf49L._AC_.jpg,919.0,        Smartphone Redmi 12 4G 128GB - 4GB Ram (Versao Global) (Midnight Black)       
B0BVMXFWZ1,"Em até 10x R$ 98,48 sem juros",https://m.media-amazon.com/images/I/31-Dv1yvgNL._AC_.jpg,983.99,        Samsung Galaxy A14 128GB 4G Wi-Fi Tela 6.6'' Dual Chip 4GB RAM Câmera Tripla de até 50MP + Selfie 13MP Bateria de 5000mAh - Preto       
B0BZ7R2MPQ,"Em até 10x R$ 93,00 sem juros",https://m.media-amazon.com/images/I/41VTY38EOpL._AC_.jpg,930.0,        Celular Xiaomi Redmi Note 12 128GB / 6GB RAM/Dual Sim/TelaP e 13MP - Onyx Gray - Preto       
B0BT8HFMPX,"Em até 10x R$ 175,40 sem juros",https://m.media-amazon.com/images/I/41xsV4G30AL._AC_.jpg,1754.0,"        Smartphone Xiaomi POCO X5 Pro 5G Dual SIM 6GB 128GB 6,67"" FHD+ 108MP 5000mAh 67W Carregamento (Preto)       "
B0BRQPLLFP,"Em até 10x R$ 149,30 sem juros",https://m.media-amazon.com/images/I/415MIU3LpmL._AC_.jpg,1493.0,"        Xiaomi POCOPHONE X5 5G (8+256GB, Azul)       "
B0BX4MQH3G,"Em até 10x R$ 97,25 sem juros",https://m.media-amazon.com/images/I/41iOwRjuICL._AC_.jpg,971.69,        Smartphone Xiaomi Redmi Note 12 128GB - 4GB Ram - Versao Global (Onyx Gray)       
B0CC34JZCB,"Em até 10x R$ 115,99 sem juros",https://m.media-amazon.com/images/I/41EEryMLHIL._AC_.jpg,1159.9,        Smartphone Xiaomi Redmi 12 4G 256GB - 8GB Ram (Versao Global) (Midnight Black)       
B0BRQM2HWL,"Em até 10x R$ 188,80 sem juros",https://m.media-amazon.com/images/I/412sb5Re0+L._AC_.jpg,1888.0,"        Smartphone Xiaomi POCO X5 Pro 5G Dual SIM 8GB 256GB 6,67"" FHD+ 108MP 5000mAh 67W Carregamento (Azul)       "
B0BXQ4YNV9,"Em até 10x R$ 180,40 sem juros",https://m.media-amazon.com/images/I/41jSOzzaEvL._AC_.jpg,1804.0,        Smartphone Xiaomi Redmi Note 12 Pro 5G Dual SIM 256GB - 8GB Ram (Versao Global) (Sky Blue)       
B0C2VZ1B8F,"Em até 10x R$ 120,70 sem juros",https://m.media-amazon.com/images/I/41XJiKtWQ7L._AC_.jpg,1207.0,        Smartphone Xiaomi Note 12S 256GB - 8GB Ram (Versao Global) (Pearl Green)       
B0BVZ65S6Y,"Em até 10x R$ 70,05 sem juros",https://m.media-amazon.com/images/I/41ZPevoGtYL._AC_.jpg,699.87,"        Celular Xiaomi Redmi 12C 128GB / 4GB RAM/Dual Sim/Tela 6.71"" / Câmeras 50MP+0.08MP e 5MP - Graphite Gray (Global)       "
B0BZHXZKM6,"Em até 10x R$ 99,99 sem juros",https://m.media-amazon.com/images/I/41FrcqUxfVL._AC_.jpg,999.9,        Smartphone Xiaomi Note 12 4G 128GB 6GB Ram (VERSAO GLOBAL) (Mint Green)       
B0C3WJB8NK,"Em até 10x R$ 121,38 sem juros",https://m.media-amazon.com/images/I/61fqF0m-y1L._AC_.jpg,1213.8,        Smartphone Xiaomi Redmi Note 12S Onyx Black 8GB Ram 256GB       
B0BXQ4L774,"Em até 10x R$ 180,58 sem juros",https://m.media-amazon.com/images/I/417Bhs4EIwL._AC_.jpg,1804.99,        Smartphone Xiaomi Redmi Note 12 Pro 5G Dual SIM 256GB - 8GB Ram (Versao Global) (Polar White)       
B0BSXQP3NW,"ou R$ 861,97 em até 10x de R$ 86,26 sem juros",https://m.media-amazon.com/images/I/31getObbcPL._AC_.jpg,788.99,        Smartphone Motorola Moto E22 4G 128GB 4GB RAM Preto       
B0BYW7SZWD,"Em até 10x R$ 180,58 sem juros",https://m.media-amazon.com/images/I/31ielR1rgRL._AC_.jpg,1804.99,        Smartphone Xiaomi Redmi Note 12 Pro 5G Dual SIM 256GB - 8GB Ram (Versao Global) (Midnight black)       
B0BVWMBQWW,"Em até 10x R$ 68,00 sem juros",https://m.media-amazon.com/images/I/41XUT45dXlL._AC_.jpg,680.0,        Smartphone Xiaomi Redmi 12C 128GB - 4GB Ram Ocean Blue (AZUL) (Azul)       
B0BF5V4RQH,"Em até 10x R$ 60,90 sem juros",https://m.media-amazon.com/images/I/31SXw+wxy7L._AC_.jpg,609.0,        Redmi 10C 64gb 3gb 4g Graphite Gray       
B0BRQKGTVM,"Em até 10x R$ 149,80 sem juros",https://m.media-amazon.com/images/I/41N53WbssoL._AC_.jpg,1498.0,"        Xiaomi POCOPHONE X5 5G (8+256GB, Preto)       "
B09T55NFSR,"Em até 12x R$ 354,12 sem juros",https://m.media-amazon.com/images/I/31RsJJcRCuL._AC_.jpg,4249.0,        Apple iPhone 13 (128 GB) - Meia-noite       
B0BZJ2LLGL,"Em até 10x R$ 107,86 sem juros",https://m.media-amazon.com/images/I/41uf5rbK77L._AC_.jpg,1078.15,        Smartphone Xiaomi Note 12 4G 128GB - 8GB Ram (Versao Global) (Onyx Gray)       
B0C46M8N79,"Em até 10x R$ 120,90 sem juros",https://m.media-amazon.com/images/I/41yf2L0YUqL._AC_.jpg,1209.0,        Smartphone Xiaomi Note 12S 256GB - 8GB Ram (Versao Global) (Ice Blue)       
B0BVWNKGS6,"Em até 10x R$ 68,00 sem juros",https://m.media-amazon.com/images/I/41ZSwXcVfqL._AC_.jpg,680.0,        Smartphone Xiaomi Redmi 12C 128GB - 4GB Ram (VERSAO GLOBAL) (Mint Green)       
B0CCGTDSH3,"Em até 10x R$ 118,00 sem juros",https://m.media-amazon.com/images/I/31jnWve26kL._AC_.jpg,1180.0,        Smartphone Xiaomi Note 12 4G 256GB - 8GB Ram (Versao Global) (Onyx Gray)       
B0C2W21JSM,"Em até 10x R$ 120,92 sem juros",https://m.media-amazon.com/images/I/41NJQZKmWrL._AC_.jpg,1209.2,        Smartphone Xiaomi Note 12S 256GB - 8GB Ram (Versao Global) (Onyx Black)       
B0BVX8YJJ2,"Em até 10x R$ 70,70 sem juros",https://m.media-amazon.com/images/I/41wWcid88fL._AC_.jpg,707.0,        Smartphone Xiaomi Redmi 12C 128GB - 4GB Ram (Cinza)       
B0BZ7RJDHD,"Em até 10x R$ 98,99 sem juros",https://m.media-amazon.com/images/I/41lcO6NLW9L._AC_.jpg,989.9,        Smartphone Xiaomi Note 12 4G 128GB 6GB Ram (VERSAO GLOBAL) (Ice Blue)       
asin,best_offer,image,price,title
B0BZYNB4F5,"Em até 10x R$ 153,90 sem juros",https://m.media-amazon.com/images/I/41bH-xW9CCL._AC_.jpg,1539.0,        Smartphone Xiaomi Note 12 5G 256GB - 8GB Ram (Versao Global) (Onyx Gray)       
B0BSXR3QXD,"Em até 10x R$ 114,81 sem juros",https://m.media-amazon.com/images/I/31oG3VP34ZL._AC_.jpg,1147.29,        Smartphone Motorola Moto G53 5G 128GB 4GB RAM Prata       
B0BZHYZ6ND,"Em até 10x R$ 109,90 sem juros",https://m.media-amazon.com/images/I/41FrcqUxfVL._AC_.jpg,1099.0,        Smartphone Xiaomi Note 12 4G 128GB - 8GB Ram (Versao Global) (Mint Green)(M7U)       
B0BXJM3ZKX,"Em até 10x R$ 77,44 sem juros",https://m.media-amazon.com/images/I/31Khz4z5KFL._AC_.jpg,774.04,        Smartphone Xiaomi Redmi 12C 128GB 6GB Ram (Versao Global) (Graphite Gray)(C3T)       
B0BZYQKB9B,"Em até 10x R$ 78,24 sem juros",https://m.media-amazon.com/images/I/51Xfu6hNRkL._AC_.jpg,781.95,        Smartphone Xiaomi Redmi 12C 128GB 6GB Ram (Versao Global) (Ocean Blue)(C3T)       
B0BRQL3FWQ,"Em até 10x R$ 147,10 sem juros",https://m.media-amazon.com/images/I/41aFSbVpXKL._AC_.jpg,1471.0,"        Xiaomi POCO X5 5G Smartphone Dual Sim 256GB Memory 8GB RAM 6.67"" AMOLED Display 5000mAh 48MP+13MP CAM (verde)       "
B09T4YK6QK,"Em até 12x R$ 379,61 sem juros",https://m.media-amazon.com/images/I/31i2nW6n3tL._AC_.jpg,4554.44,        Apple iPhone 13 (128 GB) - Luz das estrelas       
B0BF5V4RQH,"Em até 10x R$ 60,90 sem juros",https://m.media-amazon.com/images/I/31SXw+wxy7L._AC_.jpg,609.0,        Redmi 10C 64gb 3gb 4g Graphite Gray       
B0BVMXFWZ1,"Em até 10x R$ 98,48 sem juros",https://m.media-amazon.com/images/I/31-Dv1yvgNL._AC_.jpg,983.99,        Samsung Galaxy A14 128GB 4G Wi-Fi Tela 6.6'' Dual Chip 4GB RAM Câmera Tripla de até 50MP + Selfie 13MP Bateria de 5000mAh - Preto       
B0BRQPLLFP,"Em até 10x R$ 149,30 sem juros",https://m.media-amazon.com/images/I/415MIU3LpmL._AC_.jpg,1493.0,"        Xiaomi POCOPHONE X5 5G (8+256GB, Azul)       "
B0BXQ4YNV9,"Em até 10x R$ 180,40 sem juros",https://m.media-amazon.com/images/I/41jSOzzaEvL._AC_.jpg,1804.0,        Smartphone Xiaomi Redmi Note 12 Pro 5G Dual SIM 256GB - 8GB Ram (Versao Global) (Sky Blue)       
B0BVZ65S6Y,"Em até 10x R$ 70,05 sem juros",https://m.media-amazon.com/images/I/41ZPevoGtYL._AC_.jpg,699.87,"        Celular Xiaomi Redmi 12C 128GB / 4GB RAM/Dual Sim/Tela 6.71"" / Câmeras 50MP+0.08MP e 5MP - Graphite Gray (Global)       "
B0BRQM2HWL,"Em até 10x R$ 188,79 sem juros",https://m.media-amazon.com/images/I/412sb5Re0+L._AC_.jpg,1887.9,"        Smartphone Xiaomi POCO X5 Pro 5G Dual SIM 8GB 256GB 6,67"" FHD+ 108MP 5000mAh 67W Carregamento (Azul)       "
B0BRQKGTVM,"Em até 10x R$ 149,80 sem juros",https://m.media-amazon.com/images/I/41N53WbssoL._AC_.jpg,1498.0,"        Xiaomi POCOPHONE X5 5G (8+256GB, Preto)       "
B09T55NFSR,"Em até 12x R$ 354,12 sem juros",https://m.media-amazon.com/images/I/31RsJJcRCuL._AC_.jpg,4249.0,        Apple iPhone 13 (128 GB) - Meia-noite       
B0BZJ2LLGL,"Em até 10x R$ 107,86 sem juros",https://m.media-amazon.com/images/I/41uf5rbK77L._AC_.jpg,1078.15,        Smartphone Xiaomi Note 12 4G 128GB - 8GB Ram (Versao Global) (Onyx Gray)       
B0BXQ4L774,"Em até 10x R$ 180,58 sem juros",https://m.media-amazon.com/images/I/417Bhs4EIwL._AC_.jpg,1804.99,        Smartphone Xiaomi Redmi Note 12 Pro 5G Dual SIM 256GB - 8GB Ram (Versao Global) (Polar White)       
B0BVWMBQWW,"Em até 10x R$ 68,00 sem juros",https://m.media-amazon.com/images/I/41XUT45dXlL._AC_.jpg,680.0,        Smartphone Xiaomi Redmi 12C 128GB - 4GB Ram Ocean Blue (AZUL) (Azul)       
B0BRQMC66M,"Em até 10x R$ 187,90 sem juros",https://m.media-amazon.com/images/I/41gAxDlJSnL._AC_.jpg,1879.0,"        Smartphone Xiaomi POCO X5 Pro 5G Dual SIM 8GB 256GB 6,67"" FHD+ 108MP 5000mAh 67W Carregamento (Preto)       "
B0BSXQP3NW,"ou R$ 861,97 em até 10x de R$ 86,26 sem juros",https://m.media-amazon.com/images/I/31getObbcPL._AC_.jpg,788.99,        Smartphone Motorola Moto E22 4G 128GB 4GB RAM Preto       
B0BVX8YJJ2,"Em até 10x R$ 70,70 sem juros",https://m.media-amazon.com/images/I/41wWcid88fL._AC_.jpg,707.0,        Smartphone Xiaomi Redmi 12C 128GB - 4GB Ram (Cinza)       
B0BZJ299Z1,"Em até 10x R$ 112,00 sem juros",https://m.media-amazon.com/images/I/41ojcZpHdXL._AC_.jpg,1120.0,        Smartphone Xiaomi Note 12 4G 128GB - 8GB Ram (Versao Global) (Ice Blue)       
asin,best_offer,image,price,title
B0BSXR9KB4,"Em até 10x R$ 117,90 sem juros",https://m.media-amazon.com/images/I/31X0ixpYghL._AC_.jpg,1179.0,        Smartphone Motorola Moto G53 5G 128GB 4GB RAM Grafite       
B0BRQKLQMD,"Em até 10x R$ 133,20 sem juros",https://m.media-amazon.com/images/I/41N53WbssoL._AC_.jpg,1332.0,"        Xiaomi POCOPHONE X5 5G (6+128GB, Preto)       "
B0BSXR3QXD,"Em até 10x R$ 114,81 sem juros",https://m.media-amazon.com/images/I/31oG3VP34ZL._AC_.jpg,1147.29,        Smartphone Motorola Moto G53 5G 128GB 4GB RAM Prata       
B09T4YK6QK,"Em até 12x R$ 379,61 sem juros",https://m.media-amazon.com/images/I/31i2nW6n3tL._AC_.jpg,4554.44,        Apple iPhone 13 (128 GB) - Luz das estrelas       
B0BZYNB4F5,"Em até 10x R$ 153,90 sem juros",https://m.media-amazon.com/images/I/41bH-xW9CCL._AC_.jpg,1539.0,        Smartphone Xiaomi Note 12 5G 256GB - 8GB Ram (Versao Global) (Onyx Gray)       
B0BSXQ4X6K,"Em até 10x R$ 59,40 sem juros",https://m.media-amazon.com/images/I/31+bRbisgrL._AC_.jpg,594.0,        Smartphone Motorola Moto E13 4G 32GB 2GB RAM Verde       
B0BZJ299Z1,"Em até 10x R$ 112,00 sem juros",https://m.media-amazon.com/images/I/41ojcZpHdXL._AC_.jpg,1120.0,        Smartphone Xiaomi Note 12 4G 128GB - 8GB Ram (Versao Global) (Ice Blue)       
B0C7HJ8HP9,"Em até 10x R$ 99,89 sem juros",https://m.media-amazon.com/images/I/31XhaOAsR4L._AC_.jpg,998.9,        Smartphone Redmi 12 4G 128GB - 4GB Ram (Versao Global) (Sky Blue)       
B09T4MLDM4,"Em até 12x R$ 379,61 sem juros",https://m.media-amazon.com/images/I/31TCqkYn1zL._AC_.jpg,4554.44,        Apple iPhone 13 (128 GB) - Rosa       
B0CC6JJVJM,"Em até 10x R$ 120,98 sem juros",https://m.media-amazon.com/images/I/41i2bARv0ZL._AC_.jpg,1208.99,        Smartphone Xiaomi Redmi 12 4G 256GB - 8GB Ram (Versao Global) (Sky Blue)       
B0C4L2P362,"Em até 10x R$ 239,90 sem juros",https://m.media-amazon.com/images/I/41oVXYQEH3L._AC_.jpg,2399.0,        Smartphone Xiaomi Poco F5 com processador Snapdragon 7+ Gen 2 Dual SIM 5G 12gb Ram 256gb Rom (Black)       
B0BVMXFWZ1,"Em até 10x R$ 97,99 sem juros",https://m.media-amazon.com/images/I/31-Dv1yvgNL._AC_.jpg,979.9,        Samsung Galaxy A14 128GB 4G Wi-Fi Tela 6.6'' Dual Chip 4GB RAM Câmera Tripla de até 50MP + Selfie 13MP Bateria de 5000mAh - Preto       
B0C2VZ1B8F,"Em até 10x R$ 120,59 sem juros",https://m.media-amazon.com/images/I/41XJiKtWQ7L._AC_.jpg,1205.9,        Smartphone Xiaomi Note 12S 256GB - 8GB Ram (Versao Global) (Pearl Green)       
B0BVZ65S6Y,"Em até 10x R$ 69,90 sem juros",https://m.media-amazon.com/images/I/41ZPevoGtYL._AC_.jpg,699.0,"        Celular Xiaomi Redmi 12C 128GB / 4GB RAM/Dual Sim/Tela 6.71"" / Câmeras 50MP+0.08MP e 5MP - Graphite Gray (Global)       "
B0BXQ4YNV9,"Em até 10x R$ 180,40 sem juros",https://m.media-amazon.com/images/I/41jSOzzaEvL._AC_.jpg,1804.0,        Smartphone Xiaomi Redmi Note 12 Pro 5G Dual SIM 256GB - 8GB Ram (Versao Global) (Sky Blue)       
B0BZS77DBX,"Em até 10x R$ 146,00 sem juros",https://m.media-amazon.com/images/I/41EczleXxwL._AC_.jpg,1460.0,        Xiaomi Redmi Note 12 Pro 4G (256GB + 8GB) Desbloqueado de fábrica global 6.67 108MP Pro Triple Camera (Tmobile/Tello/Mint USA Market) + Extra (Fast 33w Dual Car Charger) (Graphite Grey (Global))       
B0CC34JZCB,"Em até 10x R$ 115,99 sem juros",https://m.media-amazon.com/images/I/41EEryMLHIL._AC_.jpg,1159.9,        Smartphone Xiaomi Redmi 12 4G 256GB - 8GB Ram (Versao Global) (Midnight Black)       
B0BT8HFMPX,"Em até 10x R$ 173,98 sem juros",https://m.media-amazon.com/images/I/41xsV4G30AL._AC_.jpg,1738.99,"        Smartphone Xiaomi POCO X5 Pro 5G Dual SIM 6GB 128GB 6,67"" FHD+ 108MP 5000mAh 67W Carregamento (Preto)       "
B0BZHXZKM6,"Em até 10x R$ 99,99 sem juros",https://m.media-amazon.com/images/I/41FrcqUxfVL._AC_.jpg,999.9,        Smartphone Xiaomi Note 12 4G 128GB 6GB Ram (VERSAO GLOBAL) (Mint Green)       
B0BVWNKGS6,"Em até 10x R$ 68,00 sem juros",https://m.media-amazon.com/images/I/41ZSwXcVfqL._AC_.jpg,680.0,        Smartphone Xiaomi Redmi 12C 128GB - 4GB Ram (VERSAO GLOBAL) (Mint Green)       
B0BRQKGTVM,"Em até 10x R$ 148,05 sem juros",https://m.media-amazon.com/images/I/41N53WbssoL._AC_.jpg,1480.5,"        Xiaomi POCOPHONE X5 5G (8+256GB, Preto)       "
B0C46M8N79,"Em até 10x R$ 120,60 sem juros",https://m.media-amazon.com/images/I/41yf2L0YUqL._AC_.jpg,1206.0,        Smartphone Xiaomi Note 12S 256GB - 8GB Ram (Versao Global) (Ice Blue)       
B0BRQM2HWL,"Em até 10x R$ 188,40 sem juros",https://m.media-amazon.com/images/I/412sb5Re0+L._AC_.jpg,1884.0,"        Smartphone Xiaomi POCO X5 Pro 5G Dual SIM 8GB 256GB 6,67"" FHD+ 108MP 5000mAh 67W Carregamento (Azul)       "
B0BVWMBQWW,"Em até 10x R$ 69,90 sem juros",https://m.media-amazon.com/images/I/41XUT45dXlL._AC_.jpg,699.0,        Smartphone Xiaomi Redmi 12C 128GB - 4GB Ram Ocean Blue (AZUL) (Azul)       
B09T55NFSR,"Em até 12x R$ 354,12 sem juros",https://m.media-amazon.com/images/I/31RsJJcRCuL._AC_.jpg,4249.0,        Apple iPhone 13 (128 GB) - Meia-noite       
B0CCGTDSH3,"Em até 10x R$ 118,00 sem juros",https://m.media-amazon.com/images/I/31jnWve26kL._AC_.jpg,1180.0,        Smartphone Xiaomi Note 12 4G 256GB - 8GB Ram (Versao Global) (Onyx Gray)       
B0C3WJB8NK,"Em até 10x R$ 121,38 sem juros",https://m.media-amazon.com/images/I/61fqF0m-y1L._AC_.jpg,1213.8,        Smartphone Xiaomi Redmi Note 12S Onyx Black 8GB Ram 256GB       
B0BX4MQH3G,"Em até 10x R$ 97,25 sem juros",https://m.media-amazon.com/images/I/41iOwRjuICL._AC_.jpg,971.69,        Smartphone Xiaomi Redmi Note 12 128GB - 4GB Ram - Versao Global (Onyx Gray)       
